overallid,vaccinateddose1ratio,vaccinateddose2ratio
1,0.34660467353391405,0.0988491844800007
